buffer_post_id,due_at_local,channel,shape,series,opener,media
6a6bf737b4358423d4b24071,2026-07-31T16:00-07:00,instagram,4:5,Upcoming launch,launch-weekday,2026-07-31-upcoming-launch-ig.png
6a6bf773cc9eb43b4c1da837,2026-07-31T16:00-07:00,tiktok,9:16,Upcoming launch,launch-weekday,2026-07-31-upcoming-launch-tt.png
6a6bf79c961582f29fef8ec6,2026-08-02T11:00-07:00,instagram,4:5,Video,none,lompoc-locals-spot-4x5.mp4
6a6bf7a7961582f29fef8f22,2026-08-02T11:00-07:00,tiktok,9:16,Video,none,lompoc-locals-spot.mp4
6a6bf7cc961582f29fef903e,2026-08-03T08:30-07:00,instagram,4:5,The week ahead,weekAhead,2026-08-03-this-week-ig.png
6a6bf7d7961582f29fef9085,2026-08-03T08:30-07:00,tiktok,9:16,The week ahead,weekAhead,2026-08-03-this-week-tt.png
6a6bf7e7961582f29fef929e,2026-08-04T17:30-07:00,instagram,4:5,Worth the stop,place,2026-08-04-worth-the-stop-ig.png
6a6bf7f7cc9eb43b4c1daf37,2026-08-04T17:30-07:00,tiktok,9:16,Worth the stop,place,2026-08-04-worth-the-stop-tt.png
6a6bf7fb369d7a6b6a328eed,2026-08-06T12:00-07:00,instagram,4:5,On the record,north-h,2026-08-06-on-the-record-ig.png
6a6bf805cc9eb43b4c1db014,2026-08-06T12:00-07:00,tiktok,9:16,On the record,north-h,2026-08-06-on-the-record-tt.png
6a6cbb582368e968d935a2f6,2026-08-05T17:00-07:00,instagram,4:5,The short list,category-food-drink,2026-08-05-short-list-ig.png
6a6cbb99ef3b8a12e119b673,2026-08-05T17:00-07:00,tiktok,9:16,The short list,category-food-drink,2026-08-05-short-list-tt.png
6a6cbbf2f93d764d937d8278,2026-08-07T16:00-07:00,instagram,4:5,Upcoming launch,launch-weekday,2026-08-07-upcoming-launch-ig.png
6a6cbeb6e48166238670e24c,2026-08-07T16:00-07:00,tiktok,9:16,Upcoming launch,launch-weekday,2026-08-07-upcoming-launch-tt.png
6a6cc07debe00edff5577c4b,2026-08-09T11:00-07:00,instagram,4:5,Video,none,lompoc-locals-experience-20s-4x5.mp4
6a6cc145f93d764d937db8fc,2026-08-09T11:00-07:00,tiktok,9:16,Video,none,lompoc-locals-experience-20s.mp4
6a6cc1562368e968d935e202,2026-08-10T08:30-07:00,instagram,4:5,The week ahead,weekAhead,2026-08-10-this-week-ig.png
6a6cc1a5ef3b8a12e11a00aa,2026-08-10T08:30-07:00,tiktok,9:16,The week ahead,weekAhead,2026-08-10-this-week-tt.png
6a6cc648ef3b8a12e11a2e35,2026-08-11T17:30-07:00,instagram,4:5,Worth the stop,place,2026-08-11-worth-the-stop-ig.png
6a6cc654e48166238671288f,2026-08-11T17:30-07:00,tiktok,9:16,Worth the stop,place,2026-08-11-worth-the-stop-tt.png
6a6cc666f93d764d937ded38,2026-08-12T17:00-07:00,instagram,4:5,One street,street-n-h-st,2026-08-12-one-street-ig.png
6a6cc6752368e968d9361354,2026-08-12T17:00-07:00,tiktok,9:16,One street,street-n-h-st,2026-08-12-one-street-tt.png
